ZillowRegionID,RegionName,SizeRank,2008-03,2008-04,2008-05,2008-06,2008-07,2008-08,2008-09,2008-10,2008-11,2008-12,2009-01,2009-02,2009-03,2009-04,2009-05,2009-06,2009-07,2009-08,2009-09,2009-10,2009-11,2009-12,2010-01,2010-02,2010-03,2010-04,2010-05,2010-06,2010-07,2010-08,2010-09,2010-10,2010-11,2010-12,2011-01,2011-02,2011-03,2011-04,2011-05,2011-06,2011-07,2011-08,2011-09,2011-10,2011-11,2011-12,2012-01,2012-02,2012-03,2012-04,2012-05,2012-06,2012-07,2012-08,2012-09,2012-10,2012-11,2012-12,2013-01,2013-02,2013-03,2013-04,2013-05,2013-06,2013-07,2013-08,2013-09,2013-10,2013-11,2013-12,2014-01,2014-02,2014-03,2014-04,2014-05,2014-06,2014-07,2014-08,2014-09,2014-10,2014-11,2014-12,2015-01,2015-02,2015-03,2015-04,2015-05,2015-06,2015-07,2015-08,2015-09,2015-10,2015-11,2015-12,2016-01,2016-02,2016-03,2016-04,2016-05,2016-06,2016-07,2016-08,2016-09,2016-10,2016-11,2016-12,2017-01,2017-02,2017-03,2017-04,2017-05,2017-06,2017-07,2017-08,2017-09,2017-10,2017-11,2017-12,2018-01,2018-02,2018-03,2018-04,2018-05,2018-06
102001,United States,0,1.88E+05,184700,180600,176900,174900,173800,172900,171600,169700,166800,1.64E+05,1.62E+05,159300,155400,151600,151100,152800,155300,156900,158100,159700,161400,163800,163800,164500,161500,159600,156200,156600,156900,158700,1.58E+05,158700,158200,158900,157700,155400,152700,150600,1.50E+05,150300,149700,1.49E+05,148600,149100,150400,150500,150800,151100,152500,153900,156100,1.58E+05,160200,160400,160800,161900,164600,166300,166900,167600,1.69E+05,171500,173500,176300,177800,178400,178400,178400,178600,178600,179100,179800,180200,180200,180400,181500,183100,184600,185500,186100,187100,189300,191600,193700,195300,197600,198900,199600,198700,198900,198500,199500,201400,203500,204700,204900,205800,206800,207400,207300,208200,209700,212600,2.15E+05,216200,217600,218600,219200,219400,218500,219200,218800,219400,220900,223400,227400,229100,233100,237200,240700,239800,235100,231700
394913,"New York, NY",1,,,,,,,,,,,,,,,,,,,,,,,,,,,,,,,,,,361500,360200,360300,363100,3.68E+05,365400,360500,358500,355600,355400,350600,347500,344500,341600,341600,347300,355400,360800,362100,359500,354800,3.52E+05,352800,357200,355700,352800,348900,352300,352800,355300,354200,358900,363100,366700,367600,366900,366700,366300,367900,368300,370100,372500,372200,371500,369800,369500,367300,367500,367600,371300,373800,374900,375900,372500,373100,370700,3.69E+05,369700,372100,377100,379800,373800,374900,378100,385800,386400,383100,3.84E+05,382800,381900,381300,382500,381200,371800,370300,368700,3.76E+05,375900,376500,377200,3.73E+05,375300,373200,380700,384200,386600,389500,393400,401700,401800,
753899,"Los Angeles-Long Beach-Anaheim, CA",2,474800,463400,447100,435600,422300,4.08E+05,393600,381900,3.70E+05,357400,340500,329800,323200,319900,318700,324800,334200,342300,351100,358500,365700,367600,369200,367100,365400,362100,365800,363300,365800,361200,368500,367700,370700,365900,360400,357300,353900,355300,352100,348200,348200,346500,3.47E+05,3.41E+05,340700,338100,336500,334300,335100,340400,344200,349500,358300,366300,377600,383700,392400,399800,400100,401600,406400,423200,436200,4.46E+05,450600,455500,458600,460500,463800,465500,464500,467300,471100,477700,482700,483600,487700,489700,492700,494800,494500,492900,495600,502600,509300,513200,512300,516600,517500,521400,523800,523800,527300,530200,535700,537800,539900,543800,546700,548800,549200,552100,554900,561300,566200,570100,572400,573700,577700,5.80E+05,585500,588800,5.97E+05,598400,604900,605600,615600,618700,622500,628400,631500,632400,627900,628200
394463,"Chicago, IL",3,254200,251600,238600,227200,224200,221900,221500,220500,218300,217600,210800,208500,204600,200500,192900,186700,187400,190300,190200,1.92E+05,193600,1.97E+05,196800,197400,195400,193100,187300,186600,184300,184800,177900,178700,181200,186500,184800,179800,174100,1.69E+05,163900,1.63E+05,165900,169300,167200,164800,1.61E+05,164300,159800,158800,155700,156700,155600,157500,159400,162600,160800,160300,161500,163200,165200,163700,162800,161800,165400,172300,183500,189300,190800,191100,192100,195200,193500,196300,195600,196400,194900,1.97E+05,197600,199400,200100,201700,202100,201800,203100,204200,206100,207600,209700,209600,210500,207800,207900,207800,209200,210700,209100,210800,213200,217200,218200,216600,216500,217100,212900,211600,212600,220300,2.25E+05,228200,233200,233100,231200,224800,222200,2.20E+05,216500,217500,219300,226700,228600,234500,240300,243800,240600,236100
394514,"Dallas-Fort Worth, TX",4,,,,,,,,,,,,,,,,,,,,,,,,,,,,,,,,,,,,,,,,,,,,,,,,,,,,,,,,,,,,,,,,,,,,,,,,,,,1.86E+05,185300,185300,187300,189100,190900,191800,193600,195800,1.97E+05,198500,199100,200500,201600,202400,204200,2.04E+05,203900,203800,204800,206400,207100,208400,209700,213800,216300,218400,217500,219500,221700,222700,220700,221800,226100,231700,233300,233700,231900,232900,234800,239700,243500,244500,244500,245200,2.49E+05,251400,250700,248800,246800
394974,"Philadelphia, PA",5,2.12E+05,2.11E+05,207600,199100,195400,1.94E+05,195500,196200,198200,198100,1.98E+05,198500,201900,202200,197300,190600,186700,188300,189800,192100,194900,199300,202400,203400,204100,203700,199700,193100,189600,185700,186500,1.87E+05,192200,196500,201800,203800,200400,194600,1.86E+05,182400,1.81E+05,181600,179500,177900,178800,183400,185200,188800,187600,187600,1.86E+05,187800,187400,186700,1.80E+05,180100,183500,194100,197400,1.97E+05,193600,193200,191800,192700,1.94E+05,196600,196200,195300,194600,195300,195400,194900,195500,193400,192200,190500,190300,191200,191700,193900,193600,193600,192900,1.92E+05,192500,194600,196300,196800,195100,192300,192600,192500,194500,193100,195400,199800,200400,198200,194500,194800,1.96E+05,194700,1.94E+05,192400,1.94E+05,200200,200900,204300,200400,202200,202700,203700,202800,198500,195500,194400,196300,2.03E+05,207500,2.09E+05,208400,206500,206800,
394692,"Houston, TX",6,,,,,,,,,,,,,,,,,,,,,,,,,,,,,,,,,,,,,,,,,,,,,,,,,,,,,,,,,,,,,,,,,,,,,,,,,,,,182900,182700,186400,188300,190600,188700,188700,189800,1.90E+05,192500,192900,194400,194800,194700,194800,192200,191800,190800,193200,193900,196100,194700,195800,196600,199200,2.01E+05,202200,205600,208300,210500,212400,213200,216500,217300,2.17E+05,216500,215900,217500,218300,222700,228100,227500,223100,217700,2.20E+05,223900,228800,229200,225200
395209,"Washington, DC",7,355200,345400,329900,317300,3.12E+05,309500,301300,292500,286600,281400,283800,281100,283600,276500,273300,2.74E+05,2.84E+05,296700,302700,300700,299200,299900,3.02E+05,299700,299400,301900,298600,291600,290900,285100,294100,290300,305100,305300,306100,304500,295300,289100,2.81E+05,281300,290300,297900,305600,2.97E+05,292900,285700,2.88E+05,282500,293300,297900,309800,313100,321500,322800,319800,316400,318200,317900,320900,316500,324400,327700,338400,342200,346800,347900,343700,341200,341500,342600,344400,341100,342800,342300,352200,352900,355800,348800,347600,345300,348400,352300,353300,355500,361900,364400,362600,354300,351300,349300,353400,356200,357700,351300,352600,3.55E+05,356900,357300,355500,356700,355800,358600,361900,366100,362900,364800,367200,369500,370100,366900,3.68E+05,365300,366100,365800,368300,368200,371200,374100,3.78E+05,381300,389300,392700,391100,3.82E+05
394856,"Miami-Fort Lauderdale, FL",8,258800,2.49E+05,237800,228600,224500,223900,217500,2.09E+05,194300,187200,175900,168500,159600,152600,143800,1.38E+05,137800,141400,144200,143800,143900,145800,147700,149200,149200,146900,145500,141800,137900,133700,129600,130600,130600,130100,1.24E+05,120700,117200,119700,121800,124800,128900,127600,126200,1.24E+05,123700,127800,131200,135200,1.36E+05,137500,138300,140400,140900,143200,145400,147600,148300,153500,158600,163600,161100,161100,163500,168100,170700,173600,175900,177500,178800,179900,182700,180600,180900,179900,183300,185900,1.90E+05,190300,190600,189600,192600,195800,197100,198500,199700,203300,207700,210300,211100,210500,210700,211800,207600,209300,210900,219300,221700,223300,222900,222300,222800,224200,227300,231400,231100,231200,230800,236500,239100,243300,240700,241200,238100,241500,243600,246600,246300,249500,256500,264800,271900,270500,267700,262400
394347,"Atlanta, GA",9,,,,,,,,,,,,,,,,,,,,,,,,,,,,,,,,,,,,,,,,,,,,92500,93100,93900,96100,94800,95400,9.60E+04,97100,97600,98500,101500,103500,105900,108100,112900,117300,121100,1.23E+05,126300,128700,132700,134700,139900,141400,1.43E+05,141300,140500,140600,141300,141900,141200,141600,144400,1.48E+05,151800,152900,154600,154500,157300,159600,162500,163100,170300,172500,173700,167500,166700,167600,168600,169900,1.72E+05,174600,175600,176400,175700,175500,173300,1.74E+05,174200,175900,1.77E+05,180100,181800,184400,186500,190900,193400,195400,193800,191600,189100,190700,193900,196700,199300,204100,210400,213400,213700,210900,
394404,"Boston, MA",10,335700,330800,325800,322100,321400,319500,318200,316900,312500,305800,295500,295600,290300,293600,289400,295100,298600,3.04E+05,307900,308600,305600,309700,309900,315400,313300,314800,312100,313900,319400,325600,326100,325800,325300,322500,310600,3.01E+05,293700,296100,3.02E+05,311200,319500,320900,320900,314600,310900,304100,303200,304400,310700,315700,3.20E+05,326900,331100,329300,326200,327200,331200,329500,3.24E+05,325700,328800,336800,337800,3.41E+05,342600,345300,347500,351500,352900,353900,354400,355900,3.57E+05,353300,3.53E+05,353400,355800,355700,354300,355200,355600,357800,359200,364600,364700,365100,363200,363800,366400,367600,368700,367800,368300,369400,370200,368400,367200,369800,373500,378800,380400,379600,381100,382800,386800,387400,3.88E+05,390600,393600,395700,396600,397300,398100,396900,399300,4.05E+05,412900,415500,412100,415600,416800,424600,424500,429800
395057,"San Francisco, CA",11,591800,552700,522600,502100,494600,470900,443600,4.11E+05,379100,358600,338300,327600,308600,302700,309300,336800,363600,379900,3.97E+05,409600,420600,429700,425600,420200,4.09E+05,405300,416400,423400,437500,440400,445800,439700,432800,426800,416600,406300,393200,388500,390200,391900,3.97E+05,397700,4.01E+05,399100,397400,390500,387700,382600,382600,392300,407800,429600,448900,463200,469800,4.82E+05,491400,509500,502600,501500,499600,525500,554900,575200,587200,587200,589700,592300,594700,596900,601300,608800,613800,613900,6.15E+05,617600,621800,630500,642600,650800,652800,651600,651200,660400,679900,691500,695200,680400,678700,686300,692300,6.93E+05,692400,716600,728600,723100,7.01E+05,698200,709300,721200,724800,721300,715200,719100,731300,745800,751400,756300,762400,772900,772900,775300,7.76E+05,777700,785600,803900,826200,842800,845100,860500,878300,895400,909500,894800
395025,"Riverside, CA",12,301700,283700,267800,257600,247100,236100,223400,215200,206100,197200,188300,178900,169800,159600,154600,153100,153300,154300,156800,160400,166100,169200,174200,174300,1.75E+05,171700,173200,174300,174800,173500,173600,174800,173800,173300,174600,175300,173300,1.69E+05,167200,166700,166900,167200,168700,170100,170800,168900,169800,169400,171400,172900,175100,176900,1.78E+05,180700,185500,190400,1.97E+05,203300,208100,209500,211800,215700,221800,228100,2.32E+05,235500,239100,244800,247800,250500,254400,257100,257600,255600,259200,261200,262200,261400,261200,264500,2.67E+05,2.70E+05,271300,272800,274500,2.76E+05,276500,277800,279700,283200,284700,285100,284900,286800,291500,292800,294100,293100,2.96E+05,297300,299400,3.00E+05,304800,307400,3.11E+05,310600,313100,316100,319200,321700,3.23E+05,327500,330200,332800,3.34E+05,336500,336200,334100,3.38E+05,344500,345900,343700,341700,344300
394976,"Phoenix, AZ",13,223400,2.17E+05,210400,2.04E+05,195700,187300,178600,1.71E+05,161300,151400,141100,131700,124400,118400,115200,116100,119200,122800,124300,125900,128800,129800,129700,129800,130300,131100,129900,1.29E+05,1.27E+05,123600,121400,120100,119400,116200,114100,113500,113200,113100,111400,112200,111500,111500,113100,114900,120300,122900,125700,126400,129500,133900,141100,146700,149700,152900,152500,156700,159200,163700,164300,164500,166500,170300,1.74E+05,177700,180600,181900,183100,185100,186600,187200,186200,185500,186100,186400,187700,186900,187500,188500,190500,191200,192300,193800,195500,197600,198800,199800,201600,203400,2.05E+05,204500,205600,208100,209700,213800,214600,216500,215400,2.17E+05,2.19E+05,220200,221300,222900,224400,225700,226500,227700,229100,230800,232600,234700,2.36E+05,237400,239400,241500,243700,246100,248100,250700,252700,255100,253600,251500,249500,252800
395078,"Seattle, WA",14,346200,338700,328800,320800,315100,3.16E+05,313600,314100,305900,307800,307900,315900,311100,304700,293800,291500,287800,286900,288800,292500,293100,296600,302800,311800,311900,304100,296300,288300,294100,296800,297900,290400,286400,291700,291200,293700,286200,283400,273300,266200,262800,263300,264300,260800,259600,262400,264100,2.66E+05,2.63E+05,270700,275200,284100,287100,289300,2.92E+05,294600,301700,304200,3.01E+05,3.01E+05,302400,310100,312400,313700,316300,318400,321600,321700,321700,319700,319200,319100,318700,315300,313600,315900,320100,321400,3.23E+05,322800,3.24E+05,324500,327500,333400,337100,339500,337900,338900,336900,3.39E+05,338700,344700,344400,349500,352100,356400,357300,358400,360700,362100,363500,365400,366100,3.69E+05,3.74E+05,378700,382300,382800,386300,389400,394800,400500,404400,406400,409100,409500,415100,420200,429200,440100,4.51E+05,460900,453500,447500
394865,"Minneapolis-St Paul, MN",15,,,,,,,,,,,,,,,,,,,,,,,,,,,,,,,,,,,,,,,,,,,,,,,,,,,,,,,,,,,,,,,,182700,187800,1.92E+05,194500,195600,195800,1.95E+05,194200,195400,195600,196200,196100,198300,199100,201500,198600,200400,201700,206700,2.08E+05,212200,218600,222700,221700,2.18E+05,217300,217600,219200,218700,219200,219400,220100,221800,223200,224100,225200,225500,226900,226800,227600,229300,229600,228800,229800,232100,236200,237200,2.38E+05,238500,238400,238200,238800,240300,241100,240700,242900,247600,253100,255300,254600,251600
395056,"San Diego, CA",16,404200,395300,380300,368500,3.52E+05,339400,329700,320100,308700,298800,290700,288900,283800,283100,281300,288400,296500,306500,314600,320300,324100,328400,325500,328700,329700,336600,335600,3.32E+05,329500,3.28E+05,334500,336100,338200,335800,328300,322100,317900,320700,321400,318200,316200,315400,313700,313300,313200,315700,316600,317200,3.20E+05,3.24E+05,329300,330600,334100,337900,346200,351900,359800,367700,371300,373700,375700,386900,397300,404900,408600,409300,413500,413300,416500,418100,419400,419600,422900,427300,430500,429500,431800,434500,437200,439200,4.39E+05,437600,444200,449600,454300,4.50E+05,449900,454200,456800,458800,456700,459200,464700,469700,4.74E+05,472700,473900,476200,479400,4.80E+05,477100,481100,485700,494300,495800,499600,501900,5.07E+05,509600,513200,515700,521100,522500,5.25E+05,528100,529500,537500,541700,545600,545300,544300,552600,552100,554900
395121,"St. Louis, MO",17,147300,144900,142700,139300,139800,139200,139700,1.40E+05,138500,138400,135200,138600,138100,138800,135100,133700,132700,131800,133100,136800,138400,138300,1.38E+05,137200,138300,136100,1.37E+05,135100,135100,132500,132400,131600,132200,132300,133700,132900,129800,125700,1.25E+05,124100,125700,126700,127800,128500,129100,128800,126900,125100,125600,125200,1.27E+05,126100,127800,128200,130800,1.31E+05,1.30E+05,130100,128700,128800,128200,131900,136700,139800,141200,140600,141900,142100,141700,1.41E+05,141100,141100,139600,138700,139200,142200,142400,142900,142200,143300,145700,147300,149800,151900,154500,153900,152600,152300,154200,156700,156600,156500,155300,158800,159700,160600,158200,158800,157700,156700,155600,154200,155400,156200,158500,158100,158600,160200,163400,163100,163300,159300,160700,159900,162100,163100,165400,168200,169900,172300,173300,172800,170800,1.68E+05
395148,"Tampa, FL",18,177300,172100,166300,161800,157200,152800,150900,146700,143500,137400,134100,130200,126400,123300,121800,121800,122100,119500,119900,119800,123900,123100,123600,122800,121300,120200,117900,118800,113100,110600,1.08E+05,110900,110200,108100,102900,97100,92700,90800,92100,9.50E+04,97500,98700,99100,99300,99300,9.90E+04,99900,1.00E+05,100400,100100,1.03E+05,105600,108900,1.10E+05,110700,111400,1.15E+05,116700,119400,116600,119400,119400,122900,122500,124300,127200,128800,129200,129700,130200,130200,1.28E+05,125500,125600,127400,130900,133100,134600,135500,136900,137700,137600,137500,137900,140200,142800,145200,145900,145600,144400,145800,147200,149900,152500,155900,158900,159300,159800,161600,164900,165800,166400,166600,168100,169800,171800,1.75E+05,179700,181800,1.84E+05,183900,186300,185600,184200,184900,186300,190600,193200,200500,206600,208700,204600,198800,196900
394358,"Baltimore, MD",19,245900,243300,2.38E+05,230700,223900,224400,228800,233400,233100,226400,229500,229500,234800,231500,224800,220200,211600,216900,219500,228100,227600,229700,229500,233200,232100,224600,215400,208200,199700,200200,198200,2.09E+05,207100,2.07E+05,219300,237100,239200,227300,211200,210500,1.98E+05,197600,189300,199600,203600,216100,222600,224600,225800,227200,225400,225900,217900,216800,2.18E+05,229500,235300,233100,232200,2.29E+05,226600,2.24E+05,224200,228900,232700,234600,231500,225400,225100,226900,231800,232900,237400,234100,233100,2.30E+05,230200,233500,236500,2.40E+05,238400,237900,233800,229200,227200,227200,230800,233100,236400,230500,229100,223900,228200,229300,231100,237700,239500,245700,241600,240500,236900,237100,2.38E+05,243700,245300,244900,241600,243200,243800,2.44E+05,244500,243600,244600,242700,247400,249200,254100,254400,255500,252900,256500,256800,258900,253300
394530,"Denver, CO",20,2.03E+05,197800,196300,194500,197100,199100,1.99E+05,197100,192300,185500,175900,173100,173600,180200,184200,190600,195600,202500,204100,206900,205600,207100,205100,207600,206300,206800,204600,204100,207800,211100,215400,214700,213800,213600,208300,204700,199100,198500,198500,200300,200600,202700,204200,2.07E+05,207500,207500,209300,205100,205100,208300,2.17E+05,224100,227400,232100,235300,238600,239500,238200,237300,236800,238500,240900,242800,245500,247100,249500,251600,253900,253600,253400,252900,252200,252500,252900,255400,257400,259800,262200,264500,265600,269800,272100,279100,280700,285100,286600,290900,292900,291400,292800,294300,300500,303600,307800,311100,3.17E+05,320600,321100,321900,323700,3.28E+05,329800,332800,335600,338200,341800,344600,350200,352100,356100,355800,359900,359300,3.63E+05,365300,371300,371800,377500,3.82E+05,390300,389800,390500,390500,3.91E+05
394982,"Pittsburgh, PA",21,94600,94400,94800,94700,98500,98400,97300,94200,9.50E+04,91300,8.80E+04,85800,87500,89100,92200,96500,101600,103600,105300,106300,108300,107600,106600,104100,105500,106900,108500,108200,106400,106200,106200,107500,107900,107300,108900,1.04E+05,104700,99900,105300,105700,110300,110700,111600,111600,111300,108900,109200,111500,112900,114800,114800,117900,118200,117500,118100,118400,119700,118500,118800,119100,120300,1.19E+05,119800,120700,1.22E+05,121800,121400,120700,120300,119400,118900,1.20E+05,121100,122600,122100,123100,122800,124300,124700,126600,126200,127600,127300,130500,130900,129700,126300,1.25E+05,127100,128100,129600,128400,128300,128500,129500,130900,129800,131100,1.31E+05,132500,131900,130800,129800,130500,133100,133800,136100,135900,138200,137500,138400,138200,137500,136900,135800,138300,140900,141600,141800,140800,145600,142800,137100,129300
394998,"Portland, OR",22,279500,272100,268500,264700,265100,263700,2.59E+05,258200,255100,255500,253800,256900,253200,246500,236800,234900,233300,235400,234700,235900,233200,236200,238700,2.41E+05,2.39E+05,236300,232300,229400,230200,234200,237100,2.34E+05,232200,230800,229600,225800,218300,212700,2.10E+05,210100,212100,212100,214900,214200,218700,216500,216200,213100,212400,214600,216600,223600,227800,231400,232900,235200,236400,238900,242500,244500,247600,247400,250700,250500,253800,2.55E+05,258600,260600,262500,261200,260300,2.65E+05,266300,267500,2.64E+05,2.65E+05,267100,267900,269300,270100,272200,2.74E+05,275400,277300,278100,279700,280100,284100,2.86E+05,288700,288800,2.90E+05,2.91E+05,296200,299200,303500,306100,311400,314400,317300,316600,318400,320600,3.25E+05,327800,330400,336100,340400,342700,343200,3.44E+05,3.47E+05,348300,350100,350900,355100,356900,361700,371500,383100,386300,381100,377900,379100
394458,"Charlotte, NC",23,155300,152100,1.49E+05,148700,149500,149500,1.50E+05,150200,149700,149400,146900,148400,147300,146800,1.44E+05,1.46E+05,149100,150700,1.50E+05,150300,150100,148100,150300,151400,151300,146700,145100,147200,150200,150900,150500,1.50E+05,151500,152300,1.57E+05,156700,152700,145800,144200,151900,154400,156400,148900,148600,143400,146900,147500,152500,153200,152600,155100,160400,162500,161900,157700,156200,154500,156100,157900,161300,161500,162400,163600,164400,166300,1.66E+05,166400,166900,167700,169300,169300,169100,168900,168900,168900,169700,171500,172400,172900,171100,170400,171100,172900,176700,177800,180100,176100,1.76E+05,175800,179500,181800,184100,185700,182100,183200,183600,186200,183700,184300,187100,186900,188200,187400,189900,190600,191700,194200,193700,196400,198200,199900,2.03E+05,206200,206700,205200,204800,206800,207300,208300,211200,2.13E+05,216200,219600,224100
395045,"Sacramento, CA",24,284200,271600,254600,241500,2.32E+05,229600,225300,219700,210400,201200,195100,189300,186500,184100,1.85E+05,188500,194400,199100,202600,205200,207100,206600,206800,203100,204200,202500,203200,200800,201400,201400,203200,2.00E+05,201300,197300,195600,188500,182900,1.79E+05,1.75E+05,175300,174400,177200,178500,177700,179300,178100,179700,178900,180100,1.82E+05,183400,186500,191300,196900,205100,209400,215700,216800,223300,227300,236500,241700,248400,252700,260500,264500,269900,269500,271100,270200,273700,277700,2.80E+05,281600,283100,284900,285900,287300,291200,2.93E+05,291200,2.92E+05,292900,301300,302200,305100,303200,304400,306100,306500,3.08E+05,307800,3.11E+05,313400,320800,322500,325900,323600,326400,328500,331100,333700,335600,339200,342200,341400,347200,349100,355700,355100,358400,362400,365800,366700,367800,368900,372900,372200,375700,377700,380100,382600,379700,379200
395055,"San Antonio, TX",25,,,,,,,,,,,,,,,,,,,,,,,,,,,,,,,,,,,,,,,,,,,,,,,,,,,,,,,,,,,,,,,,,,,,,,,,,,,175600,176300,176400,176700,177400,177800,179100,179400,181900,180500,182100,181100,184200,186400,187700,187700,185600,187100,185200,186400,186300,1.86E+05,188200,1.89E+05,192500,191600,191300,193100,194300,194800,193500,192700,191800,192100,190800,191600,191900,1.95E+05,1.97E+05,199300,202500,205400,208400,210100,209800,206600,205500,206600,208700,212300
394943,"Orlando, FL",26,221200,215200,205400,201600,197500,194300,191900,184600,179300,167900,164200,156700,147900,136600,126700,121900,118700,120500,120300,120800,119100,120900,116300,115500,109700,110100,108500,110300,109100,1.04E+05,99600,98400,99700,98700,97300,92100,9.40E+04,95800,102100,102800,103800,105200,1.06E+05,107500,110400,113900,115800,114700,114400,112200,114100,116100,119400,119800,120400,122100,123400,125600,128100,131300,133100,135800,137500,139300,140300,144200,147400,148700,149600,150700,152800,152900,153100,154500,156100,157100,157400,156600,156600,1.57E+05,157100,157900,158500,162300,166700,169300,172800,173400,176200,175900,1.80E+05,182200,187200,188700,195600,195700,196900,193400,195200,198700,201200,204200,202700,205700,205200,208300,211100,2.15E+05,216500,214800,213400,214300,214300,215700,216600,219600,224100,232400,241700,246300,241800,2.35E+05,230900,230700
394466,"Cincinnati, OH",27,135100,1.31E+05,125200,125100,122800,122300,120300,1.21E+05,118900,113900,109700,109400,110100,113300,1.13E+05,114700,113900,115400,117700,121900,1.24E+05,124500,122800,122400,123100,122400,121700,119400,117800,116500,117400,117600,116100,116700,119100,122500,117800,111500,107700,108900,112800,113700,113800,112500,112800,1.14E+05,115700,1.14E+05,112600,111900,114300,117500,118500,118200,117600,119400,119900,120100,121900,123600,124600,1.23E+05,124600,124200,126200,125200,126600,1.25E+05,126800,127600,1.28E+05,128200,127500,128800,128700,131700,133700,135200,134600,133800,132700,132500,132100,133500,133700,133700,133900,133800,134600,134700,134400,135200,133500,141800,143600,153200,150800,153300,147200,145500,142600,1.43E+05,143700,147400,149500,149200,152500,152900,154100,150500,148900,148800,148800,149700,149500,149800,151500,153400,156600,162400,163100,161400,154400,155800
394475,"Cleveland, OH",28,110900,110600,109300,106200,103400,102600,99900,96400,86300,80100,74400,75500,7.50E+04,82300,88600,95800,97600,100900,103900,108500,111300,108900,107100,106800,111300,112300,113100,111200,106400,103200,100900,106200,110700,113900,107400,99300,9.30E+04,92800,93300,97700,99200,1.01E+05,98100,97700,93800,94200,92600,9.30E+04,92900,96900,1.01E+05,100700,101200,102900,104900,105700,103300,104700,103200,1.04E+05,103800,103100,103800,105300,108100,109600,110200,110300,111700,109900,110800,107700,113100,115400,119800,1.18E+05,117200,118500,117100,117800,116500,118400,118200,114900,115200,114800,118900,118300,118700,1.18E+05,118200,116600,113500,113800,114200,1.21E+05,120200,125200,123900,127100,123300,123400,123800,127100,128400,129400,131900,133700,134400,133500,131900,128800,125300,123200,1.24E+05,128600,132700,132600,134200,137100,142500,142700,139800,
394775,"Las Vegas, NV",29,246500,241600,234300,2.29E+05,218900,208300,195100,1.88E+05,178600,170400,161400,154600,147900,137600,129600,125800,124400,1.22E+05,120100,121800,124200,124900,125100,124700,124700,125400,127600,130500,128100,126500,122700,122700,121300,119500,118200,117300,115300,113800,112300,1.13E+05,111100,108100,105900,107500,109900,110400,110300,109600,1.11E+05,113200,116100,120700,122500,124600,125200,129400,133800,137500,139900,141700,144800,148500,152100,158500,1.62E+05,164900,163500,165200,166800,169200,169800,171800,174100,175900,1.76E+05,170100,169300,172300,180100,182800,183100,183900,185100,190400,190500,191900,188600,190200,192200,193900,195200,194700,1.96E+05,197400,200700,204500,205100,204100,203400,205300,206500,205500,205800,2.08E+05,211800,212100,214300,215600,219900,220800,223700,2.31E+05,234400,234500,233200,236700,239700,242200,245800,251800,259900,262800,265300,
394492,"Columbus, OH",30,140400,137100,137200,1.36E+05,134200,131400,130800,129500,125500,121100,1.23E+05,124300,1.24E+05,121300,121300,123100,126400,130200,134100,136300,135700,1.31E+05,1.28E+05,131600,134900,135100,131200,130900,125400,122300,119200,122300,122300,129500,132700,129800,121500,117200,117900,119500,1.21E+05,125600,124400,122200,122100,1.25E+05,125800,119900,117100,119700,126700,130600,134300,133900,134900,131800,131300,1.31E+05,134500,135200,134500,131700,134900,139600,144600,145500,145100,143600,158300,157500,158500,147100,152700,155400,153800,152300,151500,153100,153200,154400,153700,155100,153600,166200,165900,167500,161800,162200,162400,157900,157900,154200,1.48E+05,1.42E+05,1.46E+05,154300,162700,163700,163400,1.61E+05,161200,160900,163900,1.66E+05,168400,169600,172200,171800,1.70E+05,168800,169300,169400,168900,168700,171200,173900,175600,,,,,,,
395059,"San Jose, CA",31,662200,635800,6.10E+05,595500,582500,568400,541800,514300,476800,454100,439500,431600,408800,392500,386400,403800,430700,453800,464700,468700,472100,489600,496700,499300,493600,486900,490500,4.93E+05,504400,513400,519300,519500,515300,512500,503900,4.85E+05,474400,471400,480300,488600,490200,497700,495100,489900,481500,479800,4.81E+05,476400,475700,485900,503200,523500,543300,567500,578500,587500,587300,597400,609200,6.16E+05,617500,622500,632700,639700,640700,645600,650100,654300,655900,6.61E+05,670900,677300,685400,690500,6.95E+05,700700,696800,705100,7.10E+05,722400,728300,738100,737200,742900,742900,751500,759200,7.70E+05,785500,8.06E+05,809100,812900,805300,823200,822500,8.28E+05,818600,827100,830700,830600,833200,833300,8.43E+05,849200,856400,860300,864300,873600,886600,888800,889500,897300,910200,931600,9.57E+05,989900,1017100,1071500,1108300,1165500,1193300,1197900,1172800,
394355,"Austin, TX",32,,,,,,,,,,,,,,,,,,,,,,,,,,,,,,,,,,,,,,,,,,,,,,,,,,,,,,,,,,,,,,,,,230700,228700,227200,2.22E+05,224500,225600,222300,222600,223500,2.27E+05,224600,223500,225900,231300,234400,238100,236500,238500,239400,239500,239900,2.39E+05,244700,248600,248800,245400,245600,248500,253600,252700,253100,254300,256800,261700,263100,2.66E+05,266700,269500,270200,270900,268400,269900,270300,272100,273200,275500,277900,278400,277900,279200,282900,285300,286600,283900,287200,287200,289200,287600,287600,288300
395194,"Virginia Beach, VA",33,223900,220500,215900,2.11E+05,209400,208600,208300,207100,2.06E+05,205100,206400,209200,2.12E+05,211400,209900,205200,2.02E+05,200100,202800,204600,202900,201700,204800,207800,2.10E+05,205500,202900,198500,199200,198200,199900,195800,197500,198900,204600,201300,193200,183600,178100,1.73E+05,170700,172900,178100,180600,178800,178400,1.79E+05,182500,184600,186100,1.88E+05,186100,184500,182900,189300,195300,196500,1.94E+05,193500,193700,193400,191800,190100,192100,192900,197300,196400,196600,194700,193200,190300,189400,191500,193800,193100,1.92E+05,189300,189600,189600,192300,192300,1.93E+05,191900,194200,196300,197300,199700,197500,2.01E+05,199600,202200,199100,196700,197200,200500,203800,202800,202500,204600,206400,207400,2.05E+05,203700,205200,2.10E+05,2.13E+05,215200,218800,218800,219100,214600,216700,2.16E+05,215200,213500,214900,216400,217800,2.21E+05,223700,226500,221300,222100,219800
394902,"Nashville, TN",34,151100,149800,147700,145800,143800,142600,141400,142500,142200,141100,141600,142500,143200,141600,138500,137900,137400,138800,1.40E+05,141300,140700,140700,142500,143300,145200,142700,143200,140900,139700,1.39E+05,1.42E+05,144100,143900,142200,1.44E+05,1.44E+05,142500,140800,138800,138100,136500,139700,138100,1.38E+05,135500,138700,139800,141900,141100,141100,141100,141100,142100,143600,145200,146500,144900,147700,149300,151700,150700,1.52E+05,154800,156400,1.58E+05,158300,158800,158400,157800,159200,158300,163400,1.65E+05,168600,166100,167500,166700,167800,167700,168800,171900,174900,176900,178700,180700,182700,1.84E+05,183700,181100,180500,182500,187500,190800,188900,191600,190300,192300,191700,1.95E+05,198500,202700,206700,209400,213300,212700,215400,218200,221300,223100,222300,222800,222900,223100,225900,230800,234100,237600,237900,244600,248800,254500,255400,252600,249100
394862,"Milwaukee, WI",35,196700,190900,185300,180400,177400,177700,180700,181900,182700,180800,180100,178700,175700,172400,166500,164600,161400,162900,1.65E+05,169800,1.73E+05,173900,175700,181600,183300,179600,171400,166300,169600,174600,177600,177200,176200,179100,1.80E+05,188100,1.81E+05,175200,164700,164500,166800,166300,1.70E+05,169200,167100,1.67E+05,167600,167200,162400,162600,161400,163900,163600,168200,168900,168400,156100,157700,161900,176200,177600,177900,176100,174300,173500,174500,175500,173900,171900,171900,1.73E+05,173300,173600,171800,172500,172200,176400,178300,181700,1.81E+05,184400,185900,185300,1.84E+05,182500,1.87E+05,1.89E+05,191200,189800,199400,195500,197500,181900,184700,177700,186300,186300,1.91E+05,186700,189600,186500,186500,184900,190700,192200,192700,197400,200300,203800,201700,202900,201700,199400,199500,199500,201300,205100,206500,2.09E+05,209600,209100,210600,204300,201400
394714,"Jacksonville, FL",36,195600,187500,176100,169600,167100,165900,164600,161700,159800,157200,159800,164100,163200,154500,141800,136700,137200,138500,135800,133700,134300,137500,140900,141600,139600,134600,128900,124800,120100,117700,114900,116500,1.18E+05,122100,122600,1.23E+05,122600,1.23E+05,119500,117200,115200,119500,117300,120300,118300,125400,123300,124400,120200,122400,124200,124800,125900,123400,122500,121600,123500,126900,132300,138500,1.42E+05,142100,140500,141100,140700,142500,144600,144600,1.44E+05,139400,1.38E+05,136600,139900,143200,141200,139600,140700,142700,143200,142100,144500,1.48E+05,1.50E+05,152200,150200,150200,150900,153100,156100,156300,1.57E+05,156600,152700,154900,158500,171900,170400,167500,161700,164400,163400,1.63E+05,163400,169500,169400,170600,171400,187400,191700,193700,183400,182100,178300,1.77E+05,174700,174800,176500,186800,201500,215700,216500,209200,197700,195300
394849,"Memphis, TN",37,113200,1.11E+05,104700,103500,101100,103400,102600,102200,98200,93900,91200,95200,98600,99900,94300,94200,96100,101300,105600,110600,114800,115400,112200,1.04E+05,99300,99700,103400,1.03E+05,9.50E+04,88700,87700,90100,99900,1.02E+05,104600,101400,99800,96500,89200,87200,83500,85400,91800,96900,97500,93900,96200,95900,95300,92300,91700,89800,91100,91900,95200,97200,105700,108300,111800,1.09E+05,107200,102800,100200,104200,109900,111500,112700,113200,115500,114900,115500,1.18E+05,121700,120500,122200,118300,123100,122400,123800,128800,130900,132200,1.27E+05,127600,129800,129600,127800,126500,1.24E+05,123800,123800,124900,122800,121700,121700,122500,123200,127300,130500,132700,131300,134300,133400,134100,134600,1.38E+05,138900,1.39E+05,137700,139800,139800,141100,139300,139900,142100,146400,151900,155500,156800,151900,146900,145500,147800,1.49E+05
394935,"Oklahoma City, OK",38,102400,104900,105900,110100,108600,109500,106900,107200,106200,105700,106900,108200,111100,111200,112100,113600,114700,113300,112200,111300,112500,111700,108400,107200,109600,115500,117300,116500,112900,109300,108400,108800,113200,114900,116900,117300,115500,114300,114600,114700,116100,113800,115700,116700,117200,1.19E+05,119900,122400,120400,120900,122100,122100,121100,120300,1.24E+05,127700,130800,1.31E+05,130800,129400,1.30E+05,129700,1.30E+05,1.29E+05,1.30E+05,130900,132200,131200,130900,130600,130600,130900,131700,132800,133900,134200,134700,133800,134500,135300,136900,140300,1.41E+05,1.41E+05,136300,135300,140300,145100,147100,144300,143700,146300,146600,147900,149200,149500,1.48E+05,145500,144200,144500,142700,139900,139100,138900,140800,140400,143100,144100,1.44E+05,145400,147600,150100,148800,146500,146100,144900,146500,148600,1.49E+05,151300,149700,148600,148700,147400
394807,"Louisville-Jefferson County, KY",39,,,,,,,,,,,,,,,,,,,,,,,,,,,,,,,,,,,,,,,,,,,,,,,,,,,,,,,,,,,,,,,,,,,,,132700,130100,128200,126700,126600,129300,130800,131400,132700,134100,1.35E+05,1.34E+05,130700,131700,130700,136900,140600,146500,1.48E+05,149600,1.49E+05,147100,1.46E+05,148600,151500,155500,156200,156800,151100,150800,151800,155800,1.57E+05,157800,160300,160400,159200,158400,159700,162200,1.61E+05,160400,160100,160700,162300,161200,163900,166600,168700,1.72E+05,170400,175200,169700,169700,167200,170200
394669,"Hartford, CT",40,236400,233200,225600,215600,2.11E+05,211400,212800,213300,2.17E+05,216900,215300,2.13E+05,216300,215300,211500,206500,206900,204700,2.03E+05,2.02E+05,208400,214900,218600,2.21E+05,224400,222900,2.18E+05,208900,208800,209200,207900,210900,220100,231800,233800,225900,220700,219400,217800,212100,208400,2.04E+05,206400,204500,209900,2.07E+05,207100,202700,203600,201300,204600,204200,208200,204400,200700,201700,203200,2.11E+05,208600,203900,198400,199800,204500,207100,207400,209100,208700,2.09E+05,208800,208100,2.10E+05,211300,211600,207400,203700,201800,203400,203900,204500,200600,2.04E+05,203600,199800,193400,194900,199200,200200,199900,199100,1.99E+05,198100,197800,198400,1.99E+05,199700,205300,205900,207800,207500,208600,206900,203800,207200,210100,209700,206300,205700,206100,205700,203600,204300,204700,208100,207800,2.07E+05,206500,209900,211600,211900,212700,219600,2.24E+05,2.24E+05,218200
395022,"Richmond, VA",41,213100,2.12E+05,205900,201400,2.00E+05,199900,198400,197800,195800,197200,1.94E+05,200600,197800,196400,188700,185800,182900,1.81E+05,183600,188100,190600,192100,192800,196400,192900,191700,184400,179500,173200,175500,177600,178300,177800,1.77E+05,179800,178400,178600,175700,168900,164400,162800,165600,169900,169200,169600,171400,169200,1.69E+05,164700,169100,167700,169500,170600,169900,170100,167600,1.73E+05,176900,178800,177500,174200,175300,176700,180300,180600,182900,182400,1.84E+05,179300,179200,179500,182300,182600,182300,1.82E+05,183900,185500,187700,188400,1.89E+05,189900,194600,194600,199400,195700,195800,195700,195300,197300,194700,194800,193600,193800,196700,200900,203500,203700,201900,201200,201100,201600,200900,201400,202200,207300,2.08E+05,208900,210900,212900,2.15E+05,211300,209700,208100,206700,207200,207400,214600,223800,229300,232700,232400,235500,232100,227900
394910,"New Orleans, LA",42,144600,146600,152500,152800,1.56E+05,157500,159100,154600,148600,146100,147500,151800,152500,1.52E+05,152200,154600,158900,160400,161500,161500,161500,158900,157700,153200,155600,156200,159600,156900,153600,150700,149900,154800,157500,161900,157900,155600,144600,137800,1.35E+05,141100,143600,146700,146700,146200,146200,142900,141900,138300,137900,1.40E+05,142200,147400,1.47E+05,150500,151500,155700,1.54E+05,151500,154200,153700,154500,155600,159400,161800,161600,161900,1.63E+05,163100,162900,160800,159300,158900,162700,162600,162700,163700,1.65E+05,166800,165500,165600,168100,169900,167800,167600,168600,172700,173200,172700,173700,173300,174800,175300,174700,175300,175600,177800,177100,177400,179400,181500,1.82E+05,1.81E+05,181300,1.82E+05,182100,181600,184200,181300,181100,180100,183200,183100,183900,185900,187800,187800,185600,187800,188900,1.93E+05,1.90E+05,191400,191800,199200
394425,"Buffalo, NY",43,,,,,,,,,,,,,,,,,,,,,,,,,,,,,,,,,,,,,,,,,,,,,,,,,,,,,,,,,,,,,,,,,,,,,,,,,,,,,,,,1.21E+05,121900,122500,122500,122500,120800,123900,1.22E+05,123100,121300,123700,124400,1.25E+05,1.24E+05,123600,127100,131100,132300,128400,124700,125700,1.28E+05,128300,128100,128200,129900,130300,132200,134300,136100,135200,135300,135700,136200,134400,136500,137100,1.39E+05,138100,141600,146100,148500,1.45E+05,138100,121200
395012,"Raleigh, NC",44,186400,183200,181800,182800,184800,185300,181100,182500,177100,1.77E+05,181300,188700,194800,186300,180800,173300,174800,177300,178300,178700,179600,181900,192300,190400,193200,185900,184900,187400,188700,192300,192600,193200,198200,196700,200100,197800,1.98E+05,192600,190500,193200,193700,199200,192300,191700,184500,190300,189200,192700,191800,193800,190500,189600,189400,190600,188900,183400,186900,188700,197100,1.95E+05,195500,195200,196400,194600,195200,195800,199600,201700,200800,200700,199400,200400,200900,198200,201400,200300,203500,199300,199300,199100,200700,199800,2.01E+05,204200,215300,2.19E+05,225200,2.26E+05,228200,226900,224900,226700,228300,230600,232400,2.32E+05,231700,230600,231300,232900,233100,232500,233500,233400,234700,232800,233900,234200,235900,237700,237100,236400,235100,2.34E+05,232100,234600,237100,239700,242400,252200,262100,264700,260200,256200
394388,"Birmingham, AL",45,,,,,,,,,,,,,,,,,,,,,,,,,,,,,,,,,,,,,,,,,,,,,,,,,,,,,,,,,,,,133300,1.33E+05,126600,123100,126600,137500,140700,139300,133300,132800,134800,134400,133800,131200,128800,123100,1.22E+05,125100,131400,134400,134200,140800,140500,139900,135900,140500,143500,143400,141500,142300,139900,138700,1.39E+05,139500,140700,140300,141100,142400,142600,147400,147700,146700,138400,133900,136900,145900,150800,153900,155500,158200,159500,158700,157100,156200,155300,156800,162900,166200,167200,164700,180700,190100,185500,172700,
395053,"Salt Lake City, UT",46,,,,,,,,,,,,,,,,,,,,,,,,,,,,,,,,,,,,,,,,,,,,,,,,,,,,,,,,,,,,,,,224100,231500,2.31E+05,231800,227300,227500,224900,229800,230300,237600,236800,233300,227800,226900,234400,237500,239600,242500,244100,244900,242800,238900,240900,241300,245800,246900,248400,249600,252500,253700,256300,256600,257100,258800,258600,259400,261200,263400,265100,262700,264400,267300,270600,271400,274800,277800,281700,283600,285700,287200,2.87E+05,283100,281900,289800,300900,305700,307700,313600,317100,315900,312700,313900
395031,"Rochester, NY",47,,,,,,,,,,,,,,,,,,,,,,,,,,,,,,,114600,1.17E+05,1.19E+05,1.20E+05,123400,120700,117700,1.13E+05,113900,113700,115300,115200,117800,119400,123800,124400,125100,122800,123900,121500,1.20E+05,118400,118800,120600,122400,125900,126300,125900,124700,122700,123300,120800,121500,120400,122200,123900,124500,124300,123900,123500,1.23E+05,124400,123200,120200,118200,118700,121200,119100,120200,121100,125600,124200,1.25E+05,121600,121100,119100,119600,122500,1.24E+05,126300,125300,125300,124700,125900,124900,132700,137700,147200,148900,147200,1.43E+05,142700,143700,144900,143600,147700,148800,149400,147400,151200,153500,151100,141800,133400,130600,132500,131300,131800,1.31E+05,130700,128400,126300,,
394640,"Grand Rapids, MI",48,123400,117900,118500,114900,113400,110100,106500,105100,104800,9.90E+04,94900,87900,87800,82700,8.20E+04,79300,85200,89100,94700,9.70E+04,97900,98500,9.90E+04,97400,99900,99700,102500,100300,96200,90700,88100,87900,90100,93100,96700,97300,93100,90400,91400,95500,9.80E+04,9.80E+04,93400,91800,94900,100200,100500,94600,93800,96100,102800,105700,106200,105200,103500,1.06E+05,1.09E+05,1.12E+05,110900,112300,114800,118200,119200,118300,116900,118700,119900,122100,120300,120400,119700,122300,122700,124600,124700,127500,130600,131500,132900,131700,133300,132300,134800,134100,135900,136700,137800,139100,140300,141900,141700,142200,142700,145400,146300,149100,148100,148100,1.48E+05,149400,150300,1.49E+05,150400,153500,1.58E+05,160700,162400,162900,165600,1.68E+05,170400,169100,166100,164400,165200,166800,171600,172400,177900,178900,183700,183600,1.86E+05,185300
395167,"Tucson, AZ",49,203200,200700,2.00E+05,191800,189200,182500,182200,178400,178300,180700,176200,174900,1.66E+05,164500,162200,159800,159600,1.57E+05,162400,161100,163200,159400,164700,162100,161900,157300,1.55E+05,150100,145900,145500,148300,146500,144800,141300,139900,137500,133500,132700,1.30E+05,126900,122200,120400,121500,121700,125100,127700,132200,131100,131200,132700,135500,1.37E+05,135300,1.39E+05,143600,146900,148800,156300,159800,159700,153200,154900,1.56E+05,158900,157600,158300,158100,158400,1.62E+05,164100,1.65E+05,1.62E+05,1.62E+05,161800,160900,157800,158700,158100,161200,162500,164500,1.63E+05,162600,162300,163500,162800,164600,1.65E+05,1.66E+05,166400,167400,169500,169900,175800,175800,179300,1.76E+05,178300,177200,179300,180300,1.83E+05,181900,180700,181100,182400,184200,184200,185500,185900,188100,186200,186300,182100,189300,189500,200200,203100,208900,208100,204800,207100,2.06E+05,203900
395169,"Tulsa, OK",50,,,,,,,,,,,,,,,,,,,,,,,,,,,,,,,,,,,,,,,,,,,,,,,,,,,,,,,,,,,,,,,,,,,,,,,,,,,,,,,,,,,,,,,,,,,,,,,,,,132500,132200,132200,136400,137100,136600,135900,139300,138700,140300,140500,1.42E+05,142600,143200,1.48E+05,147400,1.46E+05,141300,146600,148900,154600,154700,1.55E+05,153100,151300,151700,1.51E+05
394619,"Fresno, CA",51,242500,234100,218800,206200,197200,188700,183700,173900,168100,158500,1.49E+05,142900,1.40E+05,137400,1.34E+05,131800,138300,1.39E+05,144700,144800,151800,150900,1.52E+05,148300,149600,148100,150700,149700,1.48E+05,145200,145100,1.44E+05,143500,142500,141600,1.35E+05,133100,130900,1.32E+05,1.29E+05,128500,129700,131300,133600,136200,135500,134200,135400,134700,137900,1.36E+05,140100,140100,143100,146900,147900,148900,148400,152300,156200,157100,1.60E+05,159400,164500,167900,172100,174600,175300,183100,183800,186100,180200,188600,187700,191800,185600,186100,185200,192600,196300,197600,1.91E+05,198800,202200,206100,201500,203500,205400,207700,208600,208100,207500,209700,214800,215200,208700,208700,212200,218600,218700,218200,2.21E+05,223800,226600,228300,230100,2.34E+05,236500,240600,2.41E+05,243800,245600,246600,245800,247900,248100,255900,251300,2.52E+05,247700,251400,251100,2.52E+05,256200
395238,"Worcester, MA",52,233100,229300,227500,2.19E+05,212300,203300,200600,200600,203900,203500,201400,195100,193300,191500,193300,190600,189900,188100,191300,194400,199800,204300,200400,198600,1.99E+05,206200,208600,206100,1.98E+05,193500,192500,201600,203100,201800,192400,189300,185800,186600,184200,1.87E+05,186500,187500,184100,184500,185200,187600,187300,184300,187400,186100,194800,193200,1.97E+05,187800,182900,177400,181100,187300,192400,1.96E+05,198900,202300,204200,203900,204400,206900,206900,204600,203700,203300,208900,208700,215400,211700,216500,211900,213800,209900,209400,208200,212300,212500,213700,211300,212800,213400,212600,215500,216200,216600,215300,217900,218900,220100,220900,222500,223100,222800,221500,219700,219900,2.21E+05,2.24E+05,226100,226800,228700,227400,228300,225100,225900,228100,230400,230400,231100,233700,238300,243800,249700,2.53E+05,248500,244900,2.46E+05,249200,2.52E+05
394415,"Stamford, CT",53,439900,4.30E+05,420400,395100,413200,427100,427300,415700,395400,3.85E+05,3.64E+05,354800,358800,359300,352400,351500,357600,376200,375100,380400,382200,392900,4.16E+05,417700,423300,409200,4.05E+05,397300,410500,433300,446100,431800,435700,4.36E+05,460200,441200,438600,421800,439400,443500,428800,416600,420700,405600,385300,358400,353700,359500,372500,3.98E+05,401600,407200,416900,422700,414300,399700,407700,414800,400300,382900,375200,388900,401100,415100,415700,4.13E+05,403300,402100,395300,3.91E+05,3.87E+05,382200,376300,379400,385900,392500,393900,401300,395100,394600,388400,399400,396900,397300,387700,3.86E+05,384400,380500,384300,376300,374300,390800,389700,391700,3.77E+05,393600,401200,388900,371900,362100,364400,364400,372200,375400,390800,382200,391200,387100,396400,396900,392800,387200,371900,370800,3.79E+05,389300,394600,407800,4.12E+05,424900,414300,411800,392400,389500
394312,"Albuquerque, NM",54,,,,,,,,,,,,,,,,,,,,,,,,,,,,,,,,,,,,,,,,,,,,,,,,,,,,,,,,,,,,,,,,,,,,,,,1.77E+05,177300,177200,176400,176400,176700,178300,180100,177300,177700,177800,181500,180800,180400,1.80E+05,180600,181200,185100,184900,184200,180500,1.82E+05,183700,184500,184500,184100,185100,186900,188600,189400,185800,184500,1.86E+05,188900,189800,189800,1.94E+05,196800,197400,197500,198100,197300,192600,190400,192200,195500,198400,1.95E+05,196800,194300,197900,199400,201800,201900
394308,"Albany, NY",55,180400,186100,186400,182300,178600,176400,177500,177500,179600,181900,178600,176500,176500,183500,184700,181100,175400,171900,175200,177300,179100,178400,174100,177400,178700,1.87E+05,187100,185600,181100,178300,182100,1.85E+05,1.89E+05,184700,183400,181100,182100,182400,181600,181100,179300,178100,178100,181200,183400,184900,1.80E+05,180800,183800,1.89E+05,189800,186900,184800,182600,183600,186900,190700,191700,188200,186500,186200,192800,191600,190700,188900,191300,190400,1.88E+05,185700,187800,191100,193100,195300,192300,189400,186700,186100,185100,184700,185100,188600,187300,186200,184100,184400,186100,189200,190300,189800,186700,187600,187800,186900,182800,182100,180900,180900,179200,181100,181600,183400,184300,185400,1.86E+05,186500,190200,186100,187500,186400,192500,193200,194800,196300,195500,1.93E+05,194400,202600,2.13E+05,202300,189600,1.81E+05,191100,192700,
394938,"Omaha, NE",56,,,,,,,,,,,,,,,,,,,,,,,,,,,,,,,131900,132500,132800,134200,1.37E+05,135500,134400,1.31E+05,131800,131900,132600,132100,132600,133400,133600,134800,133800,135100,135200,136100,136100,134300,134800,134500,1.39E+05,138700,137600,135500,1.35E+05,136600,136400,136800,136400,137400,139200,138500,139200,139200,140600,139200,137400,137500,138600,141400,141600,141200,141300,143100,144500,144900,146700,147300,148600,147400,148200,148100,151100,152400,152900,150600,150200,1.52E+05,1.52E+05,153400,154600,156400,155700,1.54E+05,152900,153100,149900,1.52E+05,152400,156300,156400,158300,163600,163500,164400,163900,167300,167500,1.64E+05,163800,1.66E+05,169300,171600,171500,173500,174100,175300,177100,177300,178700
394908,"New Haven, CT",57,235600,237500,234600,225700,218600,215100,215300,214200,209400,210100,210100,206500,204600,203300,207100,200400,196800,194300,1.95E+05,196500,199400,200700,201100,205300,211500,218100,2.12E+05,205800,192900,1.92E+05,190600,200700,200400,2.06E+05,204500,208800,1.98E+05,198200,194500,198900,194500,1.92E+05,195500,192100,192800,186200,1.82E+05,174400,176900,187100,190900,192400,188100,191500,1.90E+05,188500,192300,193300,192400,188100,186600,189700,191200,192400,192400,194600,198200,1.99E+05,1.97E+05,193800,187200,1.88E+05,186500,190900,187100,1.87E+05,187700,186500,184600,182100,183700,185200,184300,178600,178800,181900,1.84E+05,182300,179900,187300,1.87E+05,186500,1.79E+05,177400,181900,185500,192900,188200,191200,190200,1.93E+05,190500,189100,190100,191500,193400,194500,193600,192400,186500,186800,190300,196300,198900,194100,196600,195700,198300,202100,203600,208800,209900,209900,208100
394357,"Bakersfield, CA",58,215100,206400,198600,186300,176100,166200,162200,1.58E+05,152200,145300,139700,133100,124300,115300,111800,111300,114200,111900,113700,1.16E+05,121700,122600,122200,121700,1.23E+05,122300,125300,122200,121100,1.18E+05,118900,118500,117700,115300,115600,114600,114500,111200,112900,112200,113900,112800,115700,116500,115400,115600,116700,115100,115200,115600,118600,1.18E+05,117300,122300,1.24E+05,129600,129400,133200,136700,1.39E+05,144500,146300,151400,154700,157900,162900,1.65E+05,165900,167700,164900,1.65E+05,160900,1.65E+05,165800,169200,169800,171400,173400,175700,176700,176300,175900,178900,180400,181300,181800,184100,181300,182300,180800,184300,183300,184300,187700,192900,195600,196700,193900,193500,193300,192700,192300,193500,201600,205900,210700,208100,210300,210600,214600,212900,209600,208100,206200,209600,209100,212400,211700,2.14E+05,218200,221800,222800,222600,216100
394753,"Knoxville, TN",59,136100,1.36E+05,133300,131700,129400,128100,128400,128400,126100,1.24E+05,121300,127400,127100,128100,121900,121700,120500,121100,122500,125700,1.26E+05,125600,122600,125700,125600,128900,124900,125200,123200,122600,119200,118700,118100,124300,126800,132500,133400,133300,128700,122500,121400,121400,123500,121200,119800,121500,121400,127200,1.24E+05,128900,126300,127700,122100,118500,1.17E+05,119700,122100,126100,124600,127400,125400,130800,130300,132900,131900,131400,132500,133100,132800,132100,127300,128300,128800,132600,133600,134700,137600,136900,135300,1.34E+05,134200,138700,138200,146700,143600,145800,139600,140300,141600,142100,142700,143400,144400,144800,145600,149200,146800,146200,1.42E+05,145700,145400,149500,150500,1.52E+05,1.51E+05,152200,153700,154900,155100,155800,155200,155600,155800,156600,157500,1.60E+05,160600,164200,166500,1.78E+05,180500,178300,169900,161700
394653,"Greenville, SC",60,130800,129500,125600,127400,1.28E+05,131900,131700,129800,1.28E+05,122700,118700,117800,122700,1.23E+05,119700,115200,118300,122200,124900,125400,125800,122700,121500,113300,113700,118500,125700,125300,117900,112200,117100,122600,1.31E+05,128800,122300,119200,118200,121900,120500,118800,123200,126400,130600,127200,127700,123500,131900,129700,131400,119500,119500,120500,127500,130700,136200,132700,134700,134900,147300,1.42E+05,140500,130900,137400,1.38E+05,138500,138200,136100,136300,135300,136100,136800,135900,134700,129300,136400,135700,140900,133200,136800,138900,143300,141100,138200,140500,145400,1.49E+05,146900,147200,149500,152400,152500,151100,149100,153800,156200,164700,162700,165200,163600,1.65E+05,166100,164500,164800,165300,165700,165200,166600,164300,164400,164600,165100,167300,164600,167300,167300,169300,169400,167300,171700,172800,1.75E+05,170600,168800,168600
394952,"Ventura, CA",61,474800,456900,444800,427100,412700,396700,393500,384500,372300,357700,344100,339600,336500,337600,341500,346500,3.55E+05,364300,376400,384300,382300,380300,376700,376700,383600,3.86E+05,393400,383400,375300,366900,369500,371500,376400,374700,374500,368100,365200,362900,361500,3.55E+05,354500,349100,351700,346700,349200,344600,343600,340900,350300,3.60E+05,366200,362900,358600,360900,372700,381800,3.93E+05,393900,396400,4.03E+05,415900,432600,437300,440900,443400,448500,454700,457500,4.61E+05,467600,4.72E+05,4.71E+05,466300,467200,470200,465200,470900,475800,483900,483500,480200,486900,488400,497900,495300,496500,497200,501900,504400,502400,504600,510600,520900,523400,526400,525800,527700,528100,528700,530400,522700,524600,5.21E+05,532500,533800,541400,540300,5.47E+05,555400,565900,569200,5.63E+05,555500,551700,5.57E+05,565200,5.81E+05,5.91E+05,603200,599300,601100,5.94E+05,594900,
394318,"Allentown, PA",62,203400,197500,188600,183400,178600,176700,174100,175200,177900,178700,178300,178800,182400,180300,175800,172200,171800,169300,166800,167300,169600,171700,172700,181200,180700,180900,169300,167200,165900,164300,1.63E+05,161400,164400,164300,162200,170500,166800,163100,151200,150600,149900,145900,145400,1.47E+05,1.49E+05,153200,160700,164300,161800,154200,154900,155600,156900,152900,152400,154300,154600,155300,152500,154300,153500,154500,154200,154200,154200,157200,1.58E+05,1.59E+05,155500,155700,157300,159800,158800,153800,154600,155200,159300,157700,159200,158700,160200,155900,155500,154200,159700,159600,160300,160100,161800,162100,160800,160200,1.58E+05,157700,157800,163800,164500,164600,158900,159900,159500,160800,163300,163300,1.65E+05,1.63E+05,1.64E+05,163100,163100,163200,162700,163100,161500,163600,163600,166400,165700,168700,173900,178400,1.84E+05,182600,181700,1.76E+05
394561,"El Paso, TX",63,,,,,,,,,,,,,,,,,,,,,,,,,,,,,,,,,,,,,,,,,,,,,,,,,,,,,116900,124300,127200,132700,133200,135200,134600,130100,129200,129500,127100,127200,125800,128400,129300,128800,129400,128200,1.28E+05,127300,126900,126700,126600,1.27E+05,1.28E+05,126100,125400,126400,127100,128200,125400,125500,125600,126200,128200,128400,127700,128200,128300,128800,128200,127700,128900,129900,1.30E+05,130400,129900,127600,124800,1.26E+05,129100,136900,137500,138900,135100,137100,139300,139400,137700,133700,131900,133600,137100,141600,142200,140900,140800,140400,142100,143900,142600,140500
394367,"Baton Rouge, LA",64,161300,155600,151700,150200,152300,151800,151500,152900,156700,157300,1.60E+05,161500,162200,157900,153100,152400,153400,150400,151500,150300,157500,158700,160100,157500,155900,154200,148400,148800,147900,152200,154200,154500,160400,1.61E+05,164500,162500,158300,155100,148800,146300,144200,1.45E+05,143400,143500,142800,148300,150200,1.54E+05,149100,146700,143400,1.47E+05,1.53E+05,153200,156100,151600,156700,153500,154600,155100,156800,157400,153100,152500,153600,153100,1.54E+05,152800,153700,159400,158900,159100,155300,154700,155400,155600,157100,159200,160500,1.63E+05,163800,167200,1.70E+05,177500,171700,1.72E+05,166500,171800,170200,167600,164800,163300,163300,164900,168100,171100,172300,172200,171700,172300,178400,180900,182200,178400,176800,171700,166500,162600,163300,162600,162900,162500,168500,171900,173900,173800,175400,178200,179100,179100,1.75E+05,171300,167400,167100
394521,"Dayton, OH",65,108800,104700,1.02E+05,100500,100300,1.00E+05,95600,92700,84300,84500,89200,93800,92500,8.60E+04,84100,87300,89600,9.40E+04,94300,94700,9.40E+04,9.60E+04,101100,101400,100700,95700,97400,95300,91300,85900,81300,76500,75400,82700,95200,96600,85400,75400,76900,80800,81700,82200,82900,83500,8.30E+04,87600,88900,88500,85800,87200,88800,89800,96800,98600,101300,97700,92200,93600,98400,100600,9.50E+04,87800,90200,93500,95200,94300,90600,84300,79800,85700,91100,100300,100300,101300,98700,100400,103400,105200,1.07E+05,107500,107800,107400,1.07E+05,108900,109600,108700,109300,108600,110800,112300,1.15E+05,115300,102900,98500,1.01E+05,110500,112800,113200,114200,113900,108800,108600,105400,1.08E+05,110100,115400,120600,122700,123800,120800,115200,111600,107500,110300,108900,110400,110700,116900,125100,134300,132700,1.31E+05,125600,127600
394304,"Akron, OH",66,110700,108800,103800,105800,1.05E+05,103500,100500,96500,93300,87600,77600,71500,66400,72600,75400,80800,86300,88400,94800,96800,1.05E+05,106200,106700,109700,110700,115300,108700,110700,100100,102900,9.70E+04,104300,106500,113600,103100,94100,79600,81100,86400,95200,97300,90300,85500,84600,86200,92200,93100,93500,90800,96900,101800,103500,103700,1.05E+05,103800,102800,110600,117300,119300,1.11E+05,108500,107200,111200,111200,113800,111300,110400,109900,110600,110300,109700,111500,112700,117400,115300,117900,115200,116600,117300,116200,119500,122100,119900,114900,110100,1.12E+05,111900,111900,113700,115700,115500,114400,112200,115200,118600,120700,119900,117300,119100,118200,118500,117200,118800,122600,124600,125500,127500,132700,132800,133400,130100,130400,124900,124600,121200,122500,125400,135400,143400,145700,1.39E+05,133600,129900,130500
753906,"North Port-Sarasota-Bradenton, FL",67,227600,220700,214800,209900,205300,199500,190200,177300,166200,156300,151400,145200,142600,140600,141200,143300,1.47E+05,152300,156800,156700,156100,157100,1.59E+05,155600,150500,151600,150600,149200,141500,140700,139100,138700,136900,139400,140800,1.41E+05,1.37E+05,139300,140100,141100,136300,134100,137700,138600,137900,1.36E+05,139800,1.44E+05,1.45E+05,146700,148700,148700,148700,150400,152600,153500,153200,156700,155200,153500,155700,162700,169400,169100,169200,168600,1.70E+05,172700,174400,174600,174100,174400,1.76E+05,1.77E+05,177200,178100,179700,181200,184900,185100,1.87E+05,184500,185100,186800,189400,193300,197400,201800,201900,203100,203900,205900,2.08E+05,210800,218600,219100,219400,215100,216900,217800,221900,223700,223100,223100,222400,226900,229500,233100,233400,233300,231900,232100,232900,233800,235900,242700,253500,261800,262900,262800,259600,255500,249300,243600
394798,"Little Rock, AR",68,129100,127500,127600,125600,125500,126100,123700,123600,121700,123500,125300,128300,130500,131200,131200,1.32E+05,1.34E+05,1.35E+05,134500,133600,135100,133900,142300,141900,146500,136800,138700,134100,136700,136100,137200,137200,137800,139400,141600,138500,141500,142500,145100,143300,1.40E+05,140400,136700,134600,1.34E+05,139600,144500,1.46E+05,1.46E+05,144800,145200,143700,145200,144400,149900,150700,152500,147800,1.51E+05,1.51E+05,153300,150100,149100,148100,148200,152100,151900,149200,144200,1.42E+05,1.40E+05,135100,134600,136900,136700,138400,136800,139500,134300,134400,133400,136100,1.35E+05,136600,1.40E+05,1.40E+05,140300,137200,138300,138600,139500,139400,139100,139400,140500,1.41E+05,141600,139400,139300,1.38E+05,1.39E+05,139100,137800,139500,142400,144900,145100,143200,143400,144600,141900,1.42E+05,140200,143300,141100,141500,144700,1.48E+05,151300,1.52E+05,155300,156400,154600,151200
395134,"Stockton, CA",69,,,,,,,,,,,,,,,,,,,151200,151200,157400,161600,166400,162700,161400,159500,162900,160300,159600,156500,156700,156100,156900,157400,1.57E+05,156400,1.55E+05,151300,1.49E+05,148900,149300,150300,149700,146800,146200,143500,149100,150400,153100,153600,152400,152900,153900,156700,161100,165500,174800,180600,1.81E+05,171900,175600,179700,1.93E+05,193900,202300,204300,211600,213700,220700,225300,233200,232400,234500,2.33E+05,237700,241600,243500,245600,245700,248900,2.50E+05,251400,250100,252900,254300,257200,256600,262900,264400,272600,270500,2.69E+05,267200,268200,278900,285900,289200,288600,288700,288500,288600,289700,293800,298200,3.02E+05,3.06E+05,308100,310700,311500,317200,321100,325400,326400,326700,325500,321300,3.31E+05,335600,3.48E+05,347800,356800,355300,350500,348100
394457,"Charleston, SC",70,195500,1.91E+05,190700,189400,193600,193100,189100,187200,182100,182900,182500,186600,185400,1.79E+05,177700,178400,180500,181100,176400,174600,169300,175300,190300,197100,1.96E+05,192500,189200,188900,180700,183800,185800,185400,192900,1.92E+05,1.91E+05,186700,182200,177800,170700,169200,173800,173600,1.70E+05,167700,172200,184500,185400,177200,167300,161300,171400,185700,201900,203700,191900,1.82E+05,176600,186500,1.88E+05,186700,183600,186500,190800,195100,1.98E+05,202300,202500,202500,201100,199600,200500,199100,198500,201200,201700,202500,200700,199400,198400,197300,199700,198800,202700,2.06E+05,211300,210200,216200,2.16E+05,217400,213300,211400,213200,212300,217800,221300,236600,246500,248100,248800,240600,239800,228800,232900,237900,240600,241300,237600,239200,234300,231400,227200,225800,228800,228700,229500,229700,2.29E+05,239900,2.47E+05,261900,265200,262500,255100,245600
394484,"Colorado Springs, CO",71,194200,190900,190200,190200,195100,193500,191500,1.85E+05,185100,181100,178600,173200,173200,170700,171100,170800,175900,183400,1.85E+05,183300,180800,183600,182900,179500,177200,175300,174800,174400,181100,187300,189900,187300,1.85E+05,186300,1.83E+05,182600,177100,174500,169900,168300,171900,173500,172900,173400,1.73E+05,175300,172100,171700,171700,1.75E+05,178900,182300,187500,187100,186400,186300,190400,191400,189600,187500,1.91E+05,193600,194900,195600,199100,2.01E+05,200700,198200,198400,196700,197200,1.92E+05,194900,194200,199400,201600,204200,2.05E+05,206100,205300,206600,206800,214100,215500,215500,212400,216300,217500,218200,214800,215600,216900,219100,221600,2.24E+05,227500,228200,228200,228800,229900,2.31E+05,232800,235800,239300,240600,241800,243100,242400,245700,247300,251800,250900,250900,249800,251200,2.56E+05,262700,267300,269600,272200,280800,286600,288700,284300
395235,"Winston-Salem, NC",72,131100,129600,126200,126800,127100,1.28E+05,123900,123800,123600,122500,124200,123700,129900,128200,128200,124400,125600,126600,124800,124900,124600,125400,128600,128700,131200,127500,127100,1.24E+05,120400,118600,118800,119300,121600,117600,116500,112200,119400,122300,126400,125600,124900,124900,121600,122900,122500,120700,1.19E+05,116800,121600,119900,119600,122300,125900,127900,123100,117300,117800,115500,119300,112500,113700,118200,124100,128200,124700,126300,122400,122800,122500,122900,123100,123100,121200,1.21E+05,121500,123900,122600,122400,123300,122800,124200,125600,131400,132400,137300,134900,1.34E+05,128600,130400,129400,129700,128100,129300,128600,132800,133600,135500,134400,136500,138500,137200,137500,137400,138600,137800,137700,1.38E+05,138100,140900,140600,1.41E+05,138500,138900,139100,1.40E+05,140600,142800,144600,145800,142900,145600,1.48E+05,149900,1.46E+05
395224,"Wichita, KS",73,,,,,,,,,,,,,121800,1.23E+05,120800,1.23E+05,122800,124700,122300,122700,120600,119400,120100,121100,1.25E+05,124300,125100,123700,121600,123400,124200,1.28E+05,129100,129800,128700,121200,119900,120800,123700,124800,124100,127300,127100,131300,129900,131200,123300,128200,125700,129600,1.24E+05,126200,127300,130400,129700,132400,133400,137100,1.32E+05,127800,124900,125700,1.27E+05,129700,130900,134600,131500,1.30E+05,126500,125400,128100,129700,133200,131800,130800,128500,129900,129600,130200,1.35E+05,136500,1.38E+05,134300,137700,1.38E+05,139100,138700,139600,138200,137900,137900,139100,138200,138500,137400,136300,135100,137200,138800,141600,142100,143200,143600,146400,147100,149400,147800,147600,144300,143700,143300,146700,146300,150100,148800,1.51E+05,149900,149500,148200,147200,146200,1.48E+05,148900,1.53E+05
395115,"Springfield, MA",74,,,,,,,,,,,,,,,,,,,,,,,,,,,,,,,,,,,,,,,,,,173400,175600,177600,176300,172200,169300,1.58E+05,162300,161200,166500,166200,169100,174500,168100,170100,172100,178300,1.78E+05,176400,178600,179700,178900,178400,178600,177900,176600,1.79E+05,179300,1.79E+05,176400,177100,179100,181800,182700,183900,177800,178200,1.74E+05,178600,179100,178900,181500,185100,188500,186400,181600,181100,180700,1.82E+05,182600,182500,181900,182200,182600,182300,181800,1.80E+05,181100,181800,180300,180500,1.83E+05,187200,187400,187100,188300,190100,190100,187600,182900,182700,185300,189900,190400,193300,198500,199400,200500,197700,197300,1.99E+05,195800,199400
394440,"Fort Myers, FL",75,2.12E+05,201400,191800,186300,179300,1.65E+05,153700,146100,136500,122500,111100,103400,9.70E+04,92600,86400,84200,84200,85600,88100,89200,90100,91100,91500,92700,91700,9.40E+04,95100,95400,91500,88400,8.60E+04,8.70E+04,88600,91400,9.10E+04,90700,89800,94100,98100,104800,105500,105200,101500,101600,101700,103900,1.07E+05,110700,115300,122600,125300,127300,124300,1.24E+05,123700,124800,129600,130800,132100,131900,133700,139400,145400,152100,151200,149200,146600,147400,1.49E+05,1.50E+05,151200,152600,154600,155400,157200,158900,1.61E+05,1.62E+05,162500,163600,166200,168300,169500,169900,172800,175800,182600,183200,184500,180200,1.83E+05,184400,187300,189200,1.92E+05,194500,1.90E+05,1.90E+05,190200,195400,196100,1.98E+05,199100,201400,2.01E+05,202100,205900,207800,208800,207700,208500,208500,207400,208800,211700,211100,208100,202900,208500,218300,225200,225900,221400,
394399,"Boise City, ID",76,,,,,,,,,,,,,,,,,,,,,,,,,,,,,,,,,,,,,,,,,,,,,,,,,,,,,,,,,,,,,,,,,,,,,,,,,,,172700,171100,170900,172100,175600,177600,177900,179900,181600,182700,182800,183500,183900,184400,186400,188400,190300,190700,191700,193100,193900,195800,194800,197800,199900,2.03E+05,202100,201500,202200,204500,206700,207800,208200,206500,208900,210800,214900,2.17E+05,220300,225600,231900,236800,235600,234900,236800,241200,244500,246100,247900,248300
395160,"Toledo, OH",77,103900,106200,101700,96400,9.20E+04,94200,94400,91900,84200,7.50E+04,67600,65700,65200,67800,70700,75900,77700,77100,79700,82800,87500,86300,83400,80200,81400,8.20E+04,83400,82400,78500,70900,64200,65900,69900,72400,71500,67400,66600,64800,66900,68500,70600,7.00E+04,68900,67800,66500,64900,61300,61900,65100,67300,74100,79400,82300,80800,78100,8.00E+04,81600,79300,80400,77600,82900,78400,81100,81500,85500,87900,87700,88200,93200,98200,101100,96200,90100,91400,92700,96500,97500,100500,102500,104300,104200,103100,1.03E+05,102700,110300,109300,110300,103500,1.07E+05,105500,106500,105500,108700,110500,110800,112600,114400,115600,114200,106900,108300,104900,110700,111200,112600,107800,109800,117500,123700,122400,117900,115600,112400,1.09E+05,110100,114600,117500,117200,117100,118600,124800,124900,121900,112600
394816,"Madison, WI",78,203100,198600,194800,190500,195500,195800,1.98E+05,197800,199700,202500,202100,199800,1.94E+05,189400,187400,184200,182900,181600,184700,186600,185400,186200,184600,190200,192900,191200,186700,182600,186100,193100,199300,206200,1.98E+05,195300,1.96E+05,203300,200700,188800,185400,1.86E+05,193500,192400,195800,194500,198600,197800,185700,1.79E+05,172500,183300,189600,1.92E+05,190700,1.89E+05,189900,194200,193400,196100,1.98E+05,201300,198300,2.03E+05,203100,208500,201500,201300,197800,200700,199200,2.03E+05,199900,198400,194200,194200,194100,195800,201300,2.06E+05,209400,204600,204500,202700,204200,207700,211300,211200,212800,213100,217200,214900,219600,224500,228400,229500,230700,229900,230200,230600,231600,230300,228900,228400,226300,224700,225300,224900,228200,230600,236900,2.36E+05,2.35E+05,237600,235800,239200,236700,244400,243700,242100,240300,245800,252700,250400,249400,2.50E+05
394766,"Lakeland, FL",79,157900,155700,154300,154900,152600,147700,137400,132600,129200,125600,1.19E+05,110100,103600,97800,98300,98600,101100,99300,97900,96400,98100,97300,95700,93400,92300,92800,93500,94700,92400,88300,85800,84900,8.50E+04,84200,83600,81800,81800,82800,86900,86800,85700,83900,83800,85600,86400,88200,8.80E+04,86200,85400,85800,88700,92600,94800,93100,87600,86700,92200,99500,103200,100100,96400,99300,103100,107500,105800,107500,108600,108700,1.09E+05,110600,112200,112600,112500,112500,113800,115200,115700,116800,116600,118600,1.20E+05,121500,119600,115800,116800,119700,124300,124800,125500,124100,126500,127300,129300,128500,130100,133300,134400,136500,136600,138700,140100,141500,142400,143600,148500,149700,149400,1.47E+05,149300,151900,1.54E+05,157900,156200,153500,149800,157500,1.67E+05,174700,181600,179400,172700,166800,167100,172400
394528,"Daytona Beach, FL",80,171200,169400,170200,166600,161900,157200,156600,153600,151400,142200,1.36E+05,131300,1.28E+05,126200,124300,127800,129100,129300,127600,126700,122100,1.22E+05,118200,117100,112100,113600,112800,113700,112600,1.12E+05,112800,111900,111900,105800,105300,103800,104200,98400,99900,1.01E+05,104900,104900,106300,106300,104400,100800,98100,95800,100800,1.08E+05,115500,116800,115700,113100,112400,1.13E+05,114400,115300,116100,118700,120500,120400,120700,125600,127100,128500,129100,130500,131700,129500,130300,131100,130800,130300,129500,1.30E+05,129900,130300,129500,130500,1.31E+05,133500,134200,135800,136600,1.40E+05,1.42E+05,143700,144100,144800,146500,147900,146800,147300,148900,150600,152400,153100,157300,158300,160800,161800,163300,166400,167100,166100,163400,163100,166500,168800,170800,172500,174700,177600,1.81E+05,183300,184300,183100,1.84E+05,188300,191100,1.94E+05,193400,190700
394531,"Des Moines, IA",81,144400,146600,144400,142900,139700,139400,137100,137100,134600,135700,134500,138800,138700,138200,136600,134800,134400,131900,130600,129600,130200,131400,137300,138200,139900,1.38E+05,137300,134500,1.30E+05,129700,131100,136100,139300,140900,140200,135500,133500,132400,129300,129400,132300,138300,138900,137600,134500,136500,139700,141200,142200,140200,142900,140900,137400,139600,141800,142700,144300,147500,151500,151100,151500,154300,153200,152900,1.52E+05,152400,150500,149300,147100,146300,142200,143800,142400,142600,141100,144400,146500,147600,147800,148700,149800,147600,151400,151400,157300,158100,162300,1.60E+05,159100,160400,161500,164500,167800,1.76E+05,177400,178800,171800,171400,167900,167400,171600,170300,172800,170600,171900,174500,177200,177900,177200,175400,176900,176600,175400,175200,173700,178600,181800,193100,194900,202200,201600,201900,194600,187900
395245,"Youngstown, OH",82,71200,7.10E+04,66200,69300,70300,70300,66500,65400,59500,61500,5.50E+04,55900,49400,52400,5.70E+04,61800,65400,64600,6.40E+04,66600,67700,70400,64600,66200,63500,64800,64100,67800,67300,61100,57400,57600,59200,60800,62300,6.00E+04,54100,5.50E+04,59300,65300,63700,61400,58700,57900,57100,58300,60600,6.50E+04,65800,66100,67400,7.00E+04,74100,73100,68400,66400,67800,76100,78100,76200,72500,67300,68500,68300,73500,74200,75200,71600,70500,71200,74300,73900,74400,74700,78200,77600,77700,76900,74500,73500,73100,72900,66100,66900,6.80E+04,75400,74300,75700,75300,77600,81100,83600,84200,83100,81900,83300,82700,84600,79100,78400,76100,77700,76900,78700,8.00E+04,89700,87800,88500,78700,78200,80500,85600,86900,83300,79500,78400,80500,84600,89800,96500,96900,94300,89100,85100
394352,"Augusta, GA",83,118400,113300,112700,107600,106600,105700,108500,109500,106900,104400,103600,106400,109200,110100,109600,108600,104400,102400,101700,104100,106600,108900,1.09E+05,1.09E+05,1.07E+05,107200,105200,101700,96700,99200,112200,119100,120600,108100,112900,110500,117200,111500,113900,109500,104300,96300,89300,87100,88300,88900,97300,95400,97300,89100,90200,89800,89800,89800,8.90E+04,88900,95200,104500,108400,106400,96100,9.50E+04,93800,99800,106500,106500,1.07E+05,1.00E+05,101200,99600,101300,100500,101700,103700,106900,108300,107600,108700,109800,110100,112600,114400,116800,110100,1.10E+05,109400,117200,120200,1.23E+05,123500,122600,1.22E+05,121800,122400,141700,143200,144600,126500,1.23E+05,122100,122100,127300,127500,130800,131200,128500,138700,140600,147800,1.39E+05,132700,127800,124100,125600,1.28E+05,131300,136700,137100,146200,147500,148800,144700,141700,
395075,"Scranton, PA",84,115800,109700,102400,107200,104400,105400,1.03E+05,1.02E+05,104600,104200,104800,101500,99200,96800,100400,100300,102600,98700,94400,94900,101600,1.04E+05,114700,109500,111400,98500,101400,1.03E+05,9.90E+04,91500,91300,99900,102300,101500,93100,92200,80900,77500,69400,76900,76900,82600,75400,75400,8.00E+04,8.60E+04,9.20E+04,86300,86800,83300,84600,88500,91800,93200,92300,93100,95800,99100,95300,93400,90400,93100,92400,90200,90100,92300,94900,95400,92600,92400,86100,89400,88300,92500,87100,87300,85600,8.80E+04,89200,92400,92300,90700,93200,89100,9.30E+04,90700,98400,94500,94600,92100,89200,86700,85500,89100,90300,87400,8.50E+04,84600,85500,88900,9.20E+04,92900,91100,89400,92300,91400,92300,91300,90800,91200,9.40E+04,96300,93600,88700,86500,94900,98700,105300,106800,1.05E+05,102300,92300,95200,
394666,"Harrisburg, PA",85,164700,159700,155800,154300,156300,158900,161800,161400,156700,152900,154600,159500,163500,1.61E+05,156700,153900,152700,153800,155500,156200,1.55E+05,153500,159300,161800,164500,1.58E+05,154600,151900,153600,156200,158700,156600,155200,152100,154500,157100,158800,1.55E+05,152400,151400,153200,1.52E+05,151500,150200,150200,149100,152300,1.52E+05,154400,153400,153200,152900,151400,152900,155900,155200,155300,151600,156600,154600,155900,153700,156900,158200,158300,158400,156400,155500,155100,154200,153800,1.55E+05,157700,157600,154500,153300,155100,157800,158100,155300,156800,159200,161900,162200,161400,1.62E+05,161600,160800,160800,159700,161500,162600,159800,1.58E+05,156200,158400,159300,158900,159700,1.59E+05,157500,156800,155900,156300,154700,154300,154100,152700,149500,149800,151200,156900,159600,160900,162200,1.61E+05,164100,165200,166900,164300,1.62E+05,160900,162200,162800
394957,"Melbourne, FL",86,173900,163300,157300,152200,152800,147400,143600,137800,134700,128200,125900,125700,124200,1.20E+05,115200,115200,116200,115200,115600,113700,118300,118900,122200,119700,1.17E+05,112900,106700,106900,99900,98500,91600,91800,92500,97300,99400,95900,92900,94400,95800,1.00E+05,96300,98300,97200,100100,100200,100300,102500,105600,108400,108700,1.06E+05,104900,105300,107800,108300,115300,1.20E+05,120600,113600,1.08E+05,108500,112300,115100,115900,114100,1.14E+05,113400,113900,119900,1.23E+05,1.24E+05,118300,118400,119500,119800,120300,122900,125900,128300,128400,129500,128400,132700,135400,138700,138400,140700,144600,143500,143400,142900,150100,153700,156300,153100,154900,1.54E+05,156400,155400,156900,158600,160600,164700,165800,166400,165700,168400,171400,1.75E+05,174200,173800,174800,178400,181500,183500,184500,195300,200500,210400,2.11E+05,216800,212900,203400,195800
394460,"Chattanooga, TN",87,120700,118800,119400,117700,119300,115300,115500,116400,118700,116200,113300,112700,115200,119300,118400,1.18E+05,116500,116400,1.16E+05,115900,118600,1.18E+05,117800,113600,116100,116200,120400,1.18E+05,116100,113800,109800,112600,113700,117500,1.13E+05,110700,1.14E+05,115300,116800,111700,111100,108600,109500,106500,107900,108700,1.13E+05,118100,121600,120900,1.16E+05,112600,113600,113100,113100,115300,119300,117500,116600,111700,114900,114500,119500,118900,122900,123200,1.24E+05,119700,118600,120600,120900,122500,121300,1.23E+05,124700,125600,125700,121900,122300,1.25E+05,132400,134900,137500,135200,1.35E+05,134300,135400,136500,137800,138400,139600,135800,136100,135800,141200,142900,145800,142900,141600,143800,147600,150600,150100,152800,154500,153500,151700,152600,161200,166700,167500,163400,162500,162200,161100,161900,160900,163700,1.67E+05,170600,175400,168700,165600,157900
395113,"Spokane, WA",88,174700,172700,1.71E+05,172400,1.71E+05,171300,166400,167400,169900,173100,174500,173500,174800,170700,164200,159400,158600,159200,158900,160200,1.60E+05,166600,166500,169500,165400,163300,159900,155300,156500,1.61E+05,160500,160800,159300,165100,1.63E+05,161800,157600,156200,1.50E+05,151200,153100,153700,151600,152500,153500,155700,155200,156700,160900,160500,158600,151600,1.52E+05,154400,157400,157900,164600,169600,169400,164500,160700,160600,160500,160600,161100,162100,162700,161500,163200,163800,164900,164700,163100,163900,160300,161600,160100,164200,165500,168700,168800,167600,167700,170600,172900,174500,172900,174200,175600,177400,175700,178300,178700,180300,179200,178600,183200,183600,187500,184500,185700,185200,186900,187200,1.88E+05,1.92E+05,193600,189500,185800,1.86E+05,193300,1.97E+05,197100,197500,197600,199100,202400,207500,219400,222800,226300,224400,223500,222100
395006,"Provo, UT",89,,,,,,,,,,,,,,,,,,,,,,,,,,,,,,,,,,,,,,,,,,,,,,,,,,,,,,,,,,,,,,205800,210300,2.12E+05,218600,2.18E+05,219800,215600,216400,216200,216300,218600,218800,218800,218700,222600,230900,233500,233700,227900,233300,235900,233500,231500,233300,241600,241800,241400,242400,245100,247800,250200,252600,254300,255200,254600,251400,253600,257100,260800,260900,265300,265800,267200,262200,263300,264800,2.69E+05,273400,273800,269300,266900,268200,274600,277700,282800,285100,2.85E+05,289800,296200,303800,307600,,
394768,"Lancaster, PA",90,,,,,,,,,,,,,,,,,,,,,,,,,,,,,,,,,,,,,,,,,,,,,,,,,,,,,,,,,,,,,,,,,,,,,,,,,,,,,,,,,,,,,,,,168500,168600,167900,167100,168300,1.69E+05,169500,170400,172700,172700,174400,173500,175400,174900,175300,175900,173800,172800,171900,174500,175700,176600,176800,177900,180500,182300,183400,180900,181900,182500,186400,189100,199300,198500,198400,192900,197300
